	num_hpo_annotation	num_disease	num_patient
Entrez:4000	703	11.0	30
Entrez:2263	634	11.0	19
Entrez:1280	526	14.0	14
Entrez:2261	514	14.0	16
Entrez:2316	467	9.0	10
Entrez:3845	455	12.0	4
Entrez:2260	430	7.0	3
Entrez:5428	419	6.0	6
Entrez:6899	396	4.0	2
Entrez:2200	380	8.0	62
Entrez:5728	373	4.0	12
Entrez:673	361	5.0	18
Entrez:8626	360	6.0	4
Entrez:2778	344	7.0	4
Entrez:2006	343	3.0	1
Entrez:79147	325	4.0	4
Entrez:546	323	3.0	10
Entrez:2629	312	7.0	12
Entrez:2737	301	5.0	9
Entrez:2068	294	3.0	1
Entrez:6261	293	4.0	13
Entrez:8481	289	4.0	1
Entrez:10585	285	3.0	1
Entrez:29954	283	4.0	2
Entrez:10743	282	1.0	21
Entrez:4137	281	5.0	3
Entrez:9968	279	3.0	6
Entrez:5290	276	13.0	8
Entrez:2697	272	8.0	5
Entrez:6392	272	4.0	1
Entrez:4204	269	5.0	43
Entrez:55636	267	2.0	33
Entrez:11128	263	2.0	4
Entrez:2317	261	5.0	10
Entrez:4567	255	2.0	1
Entrez:324	255	5.0	7
Entrez:4089	252	4.0	3
Entrez:2239	250	3.0	1
Entrez:170302	247	5.0	4
Entrez:4535	244	2.0	2
Entrez:59341	243	10.0	2
Entrez:6390	241	4.0	3
Entrez:10269	241	2.0	1
Entrez:6812	238	1.0	12
Entrez:63895	235	4.0	3
Entrez:5189	234	3.0	4
Entrez:91147	231	6.0	4
Entrez:54880	231	2.0	2
Entrez:4621	230	4.0	2
Entrez:2072	227	3.0	1
Entrez:1277	227	7.0	11
Entrez:100151683	224	2.0	3
Entrez:26580	224	4.0	3
Entrez:355	223	1.0	2
Entrez:6925	220	2.0	25
Entrez:5979	219	6.0	6
Entrez:4540	219	2.0	1
Entrez:1301	218	3.0	12
Entrez:5832	217	4.0	5
Entrez:2719	216	2.0	1
Entrez:4625	215	7.0	19
Entrez:54903	214	3.0	4
Entrez:55624	214	4.0	1
Entrez:29925	213	3.0	2
Entrez:7490	209	7.0	2
Entrez:6389	209	4.0	1
Entrez:3265	209	6.0	15
Entrez:4541	208	2.0	2
Entrez:57465	208	6.0	2
Entrez:473	206	1.0	1
Entrez:6497	204	1.0	2
Entrez:374654	202	3.0	5
Entrez:5781	200	4.0	50
Entrez:6197	199	2.0	21
Entrez:9896	199	4.0	1
Entrez:4784	199	2.0	9
Entrez:1717	196	1.0	19
Entrez:5190	196	3.0	2
Entrez:3339	196	2.0	4
Entrez:23322	195	3.0	1
Entrez:5727	193	3.0	3
Entrez:4703	192	1.0	3
Entrez:9215	192	3.0	1
Entrez:7170	192	2.0	1
Entrez:538	190	3.0	3
Entrez:8243	190	1.0	4
Entrez:4297	189	1.0	22
Entrez:80184	188	5.0	9
Entrez:6329	188	6.0	4
Entrez:23556	187	1.0	2
Entrez:5621	187	6.0	2
Entrez:6513	187	5.0	10
Entrez:1294	187	7.0	8
Entrez:2074	186	6.0	5
Entrez:57545	186	3.0	1
Entrez:57167	186	2.0	1
Entrez:8260	185	2.0	5
Entrez:25836	184	1.0	14
Entrez:1857	184	2.0	3
Entrez:22827	183	1.0	5
Entrez:3425	181	3.0	7
Entrez:8239	181	2.0	2
Entrez:6598	180	3.0	11
Entrez:9401	180	3.0	5
Entrez:6663	179	3.0	4
Entrez:7157	178	12.0	5
Entrez:26040	178	2.0	6
Entrez:4920	178	2.0	3
Entrez:7048	176	3.0	3
Entrez:4952	176	2.0	4
Entrez:6833	176	5.0	2
Entrez:145173	176	1.0	1
Entrez:55869	174	1.0	14
Entrez:11277	173	4.0	1
Entrez:6335	173	6.0	1
Entrez:57492	173	1.0	74
Entrez:7273	173	6.0	15
Entrez:56623	172	2.0	1
Entrez:7291	171	4.0	3
Entrez:1278	171	6.0	2
Entrez:259232	170	2.0	4
Entrez:64072	169	3.0	2
Entrez:1281	168	2.0	4
Entrez:5663	168	5.0	3
Entrez:3643	168	3.0	1
Entrez:55209	167	1.0	6
Entrez:3767	166	5.0	4
Entrez:3930	165	3.0	2
Entrez:675	164	8.0	6
Entrez:6023	162	3.0	1
Entrez:9469	162	2.0	2
Entrez:2812	162	1.0	3
Entrez:60	161	2.0	11
Entrez:7403	161	2.0	2
Entrez:3981	161	2.0	2
Entrez:2566	160	2.0	1
Entrez:672	160	3.0	9
Entrez:4508	160	2.0	6
Entrez:7468	160	1.0	2
Entrez:9126	159	1.0	1
Entrez:7428	159	4.0	3
Entrez:2033	159	3.0	7
Entrez:4854	159	3.0	15
Entrez:4221	158	1.0	3
Entrez:6324	158	4.0	2
Entrez:5376	156	6.0	4
Entrez:773	156	4.0	17
Entrez:26227	155	2.0	1
Entrez:5894	154	3.0	22
Entrez:4359	152	7.0	5
Entrez:6326	151	2.0	11
Entrez:9487	151	1.0	2
Entrez:3756	150	2.0	2
Entrez:25782	149	2.0	1
Entrez:25942	149	1.0	3
Entrez:4853	149	2.0	9
Entrez:23096	148	1.0	5
Entrez:3043	148	5.0	2
Entrez:64840	147	1.0	3
Entrez:54888	147	1.0	1
Entrez:1499	147	7.0	5
Entrez:523	146	2.0	3
Entrez:153241	145	2.0	1
Entrez:9131	145	3.0	1
Entrez:57190	145	2.0	1
Entrez:79718	145	2.0	3
Entrez:55768	144	1.0	1
Entrez:5339	144	6.0	1
Entrez:114548	144	5.0	1
Entrez:6792	144	1.0	2
Entrez:6872	144	2.0	1
Entrez:6662	143	1.0	2
Entrez:5193	143	2.0	1
Entrez:2626	143	5.0	1
Entrez:2073	142	2.0	1
Entrez:117581	142	3.0	2
Entrez:128674	141	1.0	1
Entrez:5447	141	3.0	1
Entrez:4088	140	1.0	2
Entrez:29957	140	1.0	2
Entrez:23522	140	2.0	10
Entrez:8573	140	3.0	7
Entrez:1736	139	1.0	1
Entrez:6834	139	2.0	3
Entrez:10060	139	3.0	5
Entrez:64324	139	2.0	36
Entrez:81857	138	2.0	2
Entrez:5604	137	2.0	1
Entrez:7227	136	2.0	18
Entrez:2627	136	5.0	2
Entrez:5373	136	1.0	3
Entrez:2332	136	3.0	22
Entrez:79728	136	2.0	17
Entrez:7248	135	3.0	5
Entrez:5080	135	8.0	4
Entrez:6651	135	1.0	5
Entrez:9786	134	2.0	5
Entrez:6885	134	2.0	1
Entrez:64135	134	2.0	4
Entrez:55670	133	2.0	1
Entrez:1146	133	2.0	2
Entrez:23384	132	3.0	5
Entrez:547	132	4.0	6
Entrez:998	131	1.0	2
Entrez:4210	131	2.0	4
Entrez:7249	131	3.0	5
Entrez:1145	130	3.0	1
Entrez:4010	130	1.0	2
Entrez:85358	130	2.0	11
Entrez:57728	129	4.0	2
Entrez:10522	129	2.0	5
Entrez:9927	128	3.0	3
Entrez:5077	128	4.0	11
Entrez:5885	128	2.0	2
Entrez:171023	127	2.0	14
Entrez:2132	127	2.0	2
Entrez:1186	126	3.0	2
Entrez:54806	125	1.0	3
Entrez:657	125	2.0	1
Entrez:8398	124	3.0	8
Entrez:79158	123	2.0	23
Entrez:51604	123	2.0	1
Entrez:1144	123	4.0	1
Entrez:10815	123	2.0	1
Entrez:4763	122	5.0	49
Entrez:1387	122	1.0	22
Entrez:1302	122	5.0	3
Entrez:5295	121	3.0	3
Entrez:4352	121	3.0	1
Entrez:6323	121	3.0	15
Entrez:2175	121	1.0	1
Entrez:2736	120	2.0	2
Entrez:6469	120	4.0	1
Entrez:5888	120	3.0	1
Entrez:54551	120	2.0	6
Entrez:8799	119	1.0	1
Entrez:2706	119	8.0	19
Entrez:5073	118	2.0	1
Entrez:29123	118	1.0	47
Entrez:4976	118	4.0	5
Entrez:1292	117	3.0	5
Entrez:1376	116	4.0	2
Entrez:23394	116	1.0	10
Entrez:860	116	2.0	10
Entrez:93627	116	1.0	4
Entrez:2623	116	4.0	9
Entrez:1289	116	2.0	4
Entrez:3815	115	5.0	1
Entrez:9321	115	2.0	1
Entrez:617	115	4.0	1
Entrez:1482	115	6.0	2
Entrez:10908	114	4.0	1
Entrez:4038	114	3.0	1
Entrez:10312	114	1.0	1
Entrez:5605	114	1.0	2
Entrez:5961	114	5.0	7
Entrez:2137	113	1.0	1
Entrez:7084	113	2.0	1
Entrez:7020	113	1.0	7
Entrez:291	112	3.0	2
Entrez:1282	112	4.0	4
Entrez:139285	112	1.0	2
Entrez:23345	111	3.0	4
Entrez:1188	111	2.0	2
Entrez:1293	111	3.0	2
Entrez:157680	111	1.0	11
Entrez:5889	109	2.0	2
Entrez:4998	109	1.0	3
Entrez:4593	109	2.0	2
Entrez:3664	109	3.0	3
Entrez:1756	109	3.0	12
Entrez:64359	109	1.0	1
Entrez:4867	109	3.0	2
Entrez:8085	109	1.0	23
Entrez:60684	108	1.0	2
Entrez:400916	108	3.0	1
Entrez:29110	108	2.0	1
Entrez:7046	108	2.0	1
Entrez:7466	108	5.0	1
Entrez:3239	108	5.0	2
Entrez:2896	107	2.0	1
Entrez:4693	107	2.0	3
Entrez:9742	107	2.0	2
Entrez:23126	107	1.0	7
Entrez:134218	107	2.0	1
Entrez:83990	107	2.0	3
Entrez:80025	107	2.0	3
Entrez:6299	107	1.0	4
Entrez:10555	106	1.0	1
Entrez:3861	105	6.0	1
Entrez:2720	105	4.0	6
Entrez:55650	105	1.0	30
Entrez:1303	105	2.0	1
Entrez:57688	105	2.0	1
Entrez:6559	105	1.0	2
Entrez:84942	105	1.0	2
Entrez:91574	105	2.0	1
Entrez:7840	104	1.0	6
Entrez:10262	104	1.0	2
Entrez:79659	104	1.0	13
Entrez:79577	104	3.0	1
Entrez:54499	103	1.0	2
Entrez:2146	103	1.0	3
Entrez:2645	103	4.0	3
Entrez:10381	102	2.0	2
Entrez:9652	102	1.0	1
Entrez:57679	101	3.0	3
Entrez:7454	101	3.0	3
Entrez:1487	101	2.0	2
Entrez:2121	101	2.0	1
Entrez:132884	101	2.0	1
Entrez:25839	101	2.0	2
Entrez:9373	101	1.0	1
Entrez:23389	100	2.0	12
Entrez:10020	100	2.0	2
Entrez:1291	100	2.0	6
Entrez:285175	100	1.0	3
Entrez:5015	100	2.0	1
Entrez:50964	100	3.0	1
Entrez:3172	99	3.0	2
Entrez:7319	99	1.0	1
Entrez:6103	99	4.0	12
Entrez:80169	99	1.0	1
Entrez:3784	99	5.0	10
Entrez:6473	99	3.0	1
Entrez:3832	99	1.0	2
Entrez:8924	98	2.0	1
Entrez:2189	98	1.0	1
Entrez:7080	98	3.0	2
Entrez:2301	98	2.0	2
Entrez:22930	97	1.0	1
Entrez:55690	97	1.0	6
Entrez:6611	97	1.0	2
Entrez:196528	97	1.0	3
Entrez:4286	97	5.0	7
Entrez:1583	97	1.0	1
Entrez:846	97	3.0	1
Entrez:8642	96	2.0	1
Entrez:6331	96	8.0	6
Entrez:1311	96	2.0	1
Entrez:4869	96	1.0	1
Entrez:8450	96	1.0	2
Entrez:55697	96	1.0	1
Entrez:84168	95	2.0	5
Entrez:2475	95	2.0	5
Entrez:6576	94	2.0	2
Entrez:9997	94	2.0	1
Entrez:6334	94	4.0	11
Entrez:11284	94	2.0	3
Entrez:113179	94	1.0	1
Entrez:79813	94	1.0	14
Entrez:5897	94	3.0	1
Entrez:368	93	3.0	113
Entrez:9939	93	1.0	2
Entrez:7518	93	1.0	1
Entrez:2717	92	1.0	3
Entrez:2022	92	1.0	4
Entrez:80208	92	3.0	12
Entrez:71	92	2.0	4
Entrez:27086	92	1.0	9
Entrez:2245	92	1.0	11
Entrez:6605	92	2.0	4
Entrez:1832	92	6.0	6
Entrez:5977	92	1.0	1
Entrez:5277	92	2.0	1
Entrez:55975	92	2.0	3
Entrez:2271	91	2.0	4
Entrez:779	91	3.0	1
Entrez:7528	91	1.0	1
Entrez:8925	91	1.0	1
Entrez:57231	91	1.0	5
Entrez:4683	91	3.0	8
Entrez:3737	91	1.0	1
Entrez:8241	91	1.0	1
Entrez:867	90	2.0	4
Entrez:79152	90	1.0	1
Entrez:6638	90	2.0	5
Entrez:128989	90	1.0	6
Entrez:526	90	2.0	1
Entrez:10075	89	1.0	3
Entrez:124583	89	2.0	1
Entrez:4436	89	3.0	1
Entrez:51816	89	2.0	2
Entrez:4292	89	3.0	3
Entrez:10084	89	1.0	3
Entrez:51053	89	1.0	3
Entrez:3549	89	2.0	1
Entrez:6597	89	2.0	12
Entrez:25914	89	1.0	2
Entrez:367	88	5.0	1
Entrez:4313	88	1.0	1
Entrez:197131	88	1.0	1
Entrez:8289	88	1.0	8
Entrez:8291	88	3.0	10
Entrez:165	88	1.0	1
Entrez:3630	88	4.0	1
Entrez:1630	88	4.0	1
Entrez:26137	88	1.0	2
Entrez:65109	88	1.0	1
Entrez:6870	87	1.0	2
Entrez:9394	87	1.0	1
Entrez:1103	87	1.0	1
Entrez:1947	87	1.0	16
Entrez:64093	87	1.0	1
Entrez:6664	87	1.0	1
Entrez:403	86	2.0	1
Entrez:55154	86	1.0	1
Entrez:84153	86	1.0	1
Entrez:83636	86	2.0	3
Entrez:1290	86	1.0	1
Entrez:57165	86	3.0	2
Entrez:80232	85	1.0	4
Entrez:201163	85	5.0	1
Entrez:6657	85	1.0	2
Entrez:84720	85	1.0	9
Entrez:3077	84	4.0	1
Entrez:175	84	1.0	1
Entrez:22866	84	1.0	1
Entrez:6928	84	3.0	1
Entrez:1130	84	1.0	1
Entrez:6595	84	1.0	17
Entrez:284058	84	1.0	7
Entrez:6949	83	1.0	11
Entrez:4629	83	1.0	2
Entrez:10847	83	1.0	10
Entrez:392255	83	5.0	1
Entrez:7439	83	4.0	1
Entrez:8195	83	2.0	1
Entrez:23230	83	1.0	1
Entrez:1184	82	4.0	2
Entrez:545	82	2.0	1
Entrez:7355	82	1.0	2
Entrez:2775	82	2.0	3
Entrez:27031	82	3.0	1
Entrez:6654	82	2.0	22
Entrez:5053	82	1.0	6
Entrez:54332	81	4.0	3
Entrez:6786	81	3.0	1
Entrez:3248	81	2.0	2
Entrez:478	81	3.0	6
Entrez:23064	81	2.0	2
Entrez:8726	81	1.0	1
Entrez:57096	80	2.0	2
Entrez:2956	80	3.0	2
Entrez:2776	80	2.0	1
Entrez:22880	80	1.0	1
Entrez:5718	80	1.0	3
Entrez:875	80	1.0	1
Entrez:80704	80	1.0	3
Entrez:83696	80	1.0	2
Entrez:57704	79	1.0	2
Entrez:6857	79	1.0	1
Entrez:23314	79	1.0	7
Entrez:1785	79	3.0	2
Entrez:79868	79	1.0	2
Entrez:203859	79	3.0	5
Entrez:1822	79	2.0	1
Entrez:26053	79	1.0	2
Entrez:7204	79	1.0	6
Entrez:6016	78	1.0	55
Entrez:3908	78	2.0	6
Entrez:57526	78	1.0	2
Entrez:2903	78	1.0	3
Entrez:2554	78	1.0	3
Entrez:51119	78	2.0	1
Entrez:10939	78	2.0	1
Entrez:1080	78	4.0	3
Entrez:11285	77	1.0	1
Entrez:9820	77	1.0	7
Entrez:93210	77	1.0	27
Entrez:5831	77	2.0	15
Entrez:127833	77	1.0	1
Entrez:79621	77	1.0	2
Entrez:10516	77	3.0	1
Entrez:5528	76	1.0	3
Entrez:3561	76	2.0	2
Entrez:472	76	2.0	30
Entrez:2521	76	2.0	1
Entrez:9949	76	1.0	2
Entrez:27315	76	1.0	10
Entrez:10479	76	1.0	5
Entrez:120892	76	1.0	2
Entrez:1406	76	3.0	2
Entrez:695	76	2.0	1
Entrez:79751	75	1.0	1
Entrez:6601	75	1.0	1
Entrez:80326	75	3.0	2
Entrez:3708	75	3.0	5
Entrez:2705	75	1.0	4
Entrez:64132	75	2.0	1
Entrez:182	74	2.0	15
Entrez:8792	74	3.0	1
Entrez:4556	74		1
Entrez:4915	74	2.0	1
Entrez:6785	74	3.0	1
Entrez:203068	74	2.0	2
Entrez:1027	74	1.0	1
Entrez:7507	74	1.0	2
Entrez:123016	73	2.0	1
Entrez:582	73	1.0	3
Entrez:1161	73	2.0	4
Entrez:348	73	5.0	2
Entrez:113278	73	2.0	1
Entrez:641	73	1.0	82
Entrez:5530	73	2.0	2
Entrez:285489	73	1.0	1
Entrez:9829	73	1.0	1
Entrez:10273	73	2.0	1
Entrez:9420	73	2.0	1
Entrez:55777	73	1.0	2
Entrez:1910	72	3.0	2
Entrez:1908	72	3.0	1
Entrez:249	72	3.0	3
Entrez:341640	72	2.0	1
Entrez:57459	72	1.0	9
Entrez:4322	72	2.0	1
Entrez:54496	72	1.0	3
Entrez:79876	71	2.0	2
Entrez:1759	71	1.0	3
Entrez:10059	71	2.0	2
Entrez:23363	71	1.0	4
Entrez:7051	71	1.0	3
Entrez:84100	71	3.0	1
Entrez:55644	71	1.0	1
Entrez:8242	70	1.0	5
Entrez:8216	70	2.0	3
Entrez:6659	70	1.0	1
Entrez:583	70	2.0	2
Entrez:2186	70	1.0	11
Entrez:5449	69	1.0	1
Entrez:23418	69	3.0	4
Entrez:6927	69	6.0	1
Entrez:2990	69	1.0	1
Entrez:3914	69	3.0	1
Entrez:286	69	1.0	1
Entrez:2517	69	1.0	1
Entrez:9499	69	2.0	3
Entrez:6535	69	1.0	1
Entrez:1917	69	2.0	4
Entrez:55210	68	1.0	2
Entrez:56975	68	1.0	2
Entrez:5913	68	1.0	1
Entrez:7486	68	1.0	1
Entrez:1896	68	2.0	6
Entrez:999	68	6.0	28
Entrez:80816	68	1.0	12
Entrez:9839	68	1.0	26
Entrez:26278	68	1.0	4
Entrez:24	68	4.0	32
Entrez:116150	68	2.0	1
Entrez:5354	68	2.0	1
Entrez:2643	68	2.0	4
Entrez:10717	68	1.0	2
Entrez:51204	68	1.0	1
Entrez:94	67	1.0	1
Entrez:84295	67	1.0	5
Entrez:6658	67	2.0	1
Entrez:2892	67	1.0	2
Entrez:1028	67	2.0	3
Entrez:5395	67	2.0	4
Entrez:26154	67	2.0	2
Entrez:5648	67	1.0	8
Entrez:23426	67	1.0	1
Entrez:80055	67	1.0	2
Entrez:3798	67	3.0	6
Entrez:23065	67	1.0	1
Entrez:6010	66	3.0	2
Entrez:50943	66	1.0	3
Entrez:540	66	1.0	2
Entrez:7994	66	1.0	6
Entrez:7299	66	3.0	9
Entrez:8842	66	4.0	1
Entrez:7287	66	2.0	1
Entrez:54968	66	1.0	1
Entrez:5351	66	1.0	4
Entrez:57531	66	1.0	1
Entrez:5518	66	1.0	2
Entrez:51082	66	1.0	1
Entrez:55835	65	2.0	6
Entrez:7703	65	1.0	1
Entrez:3575	65	1.0	1
Entrez:9179	65	1.0	1
Entrez:9343	65	1.0	10
Entrez:257	65	1.0	1
Entrez:3000	65	3.0	4
Entrez:79644	65	2.0	2
Entrez:6328	64	2.0	1
Entrez:285362	64	1.0	1
Entrez:2296	64	2.0	2
Entrez:138050	64	2.0	2
Entrez:166378	64	1.0	3
Entrez:5925	64	4.0	1
Entrez:10352	64	1.0	1
Entrez:7401	64	3.0	1
Entrez:2182	64	1.0	1
Entrez:6567	64	1.0	4
Entrez:6794	64	3.0	2
Entrez:60681	63	2.0	1
Entrez:55703	63	3.0	3
Entrez:5160	63	1.0	4
Entrez:54756	63	2.0	1
Entrez:3766	63	3.0	1
Entrez:80067	63	1.0	1
Entrez:6687	63	1.0	12
Entrez:50937	63	1.0	1
Entrez:11154	62	1.0	2
Entrez:50485	62	1.0	2
Entrez:4036	62	1.0	6
Entrez:55157	62	1.0	4
Entrez:51	62	1.0	1
Entrez:7337	62	1.0	11
Entrez:6772	62	3.0	4
Entrez:55906	61	1.0	2
Entrez:23299	61	2.0	4
Entrez:1593	61	1.0	4
Entrez:9851	61	1.0	1
Entrez:123263	61	2.0	1
Entrez:79228	61	1.0	2
Entrez:4747	60	3.0	3
Entrez:4882	60	3.0	1
Entrez:200205	60	2.0	1
Entrez:118429	60	1.0	4
Entrez:6712	60	2.0	2
Entrez:2561	60	1.0	1
Entrez:2811	60	4.0	3
Entrez:27245	59	1.0	9
Entrez:2257	59	1.0	2
Entrez:51412	59	1.0	3
Entrez:1213	59	1.0	1
Entrez:2290	59	1.0	8
Entrez:5063	59	1.0	3
Entrez:4647	59	3.0	2
Entrez:6121	59	2.0	3
Entrez:22954	59	2.0	1
Entrez:4212	58	1.0	1
Entrez:3785	58	2.0	8
Entrez:950	58	1.0	1
Entrez:92667	58	1.0	1
Entrez:8036	58	1.0	1
Entrez:9990	58	1.0	2
Entrez:4361	58	1.0	1
Entrez:283989	58	3.0	5
Entrez:347733	57	1.0	2
Entrez:4638	57	1.0	2
Entrez:9342	57	1.0	1
Entrez:2201	57	2.0	2
Entrez:2010	57	1.0	1
Entrez:1029	57	3.0	1
Entrez:6660	57	1.0	4
Entrez:8929	57	2.0	2
Entrez:84059	57	2.0	3
Entrez:2773	57	1.0	1
Entrez:25974	57	1.0	1
Entrez:54345	57	2.0	1
Entrez:3033	57	2.0	1
Entrez:1788	57	2.0	6
Entrez:158	56	1.0	1
Entrez:242	56	1.0	2
Entrez:1123	56	1.0	2
Entrez:3040	56	3.0	1
Entrez:37	56	1.0	1
Entrez:4094	56	2.0	1
Entrez:113246	56	1.0	1
Entrez:3679	56	1.0	1
Entrez:7399	56	2.0	15
Entrez:4149	56	1.0	1
Entrez:5296	56	1.0	1
Entrez:57192	55	1.0	1
Entrez:79631	55	1.0	1
Entrez:2624	55	4.0	1
Entrez:5172	55	2.0	3
Entrez:6338	55	3.0	1
Entrez:8120	55	1.0	1
Entrez:72	55	1.0	2
Entrez:23118	55	1.0	1
Entrez:6017	55	3.0	1
Entrez:1674	55	3.0	4
Entrez:4983	55	1.0	5
Entrez:4534	55	1.0	3
Entrez:4644	55	1.0	1
Entrez:23503	55	1.0	2
Entrez:5048	54	1.0	1
Entrez:10056	54	1.0	4
Entrez:7532	54	1.0	1
Entrez:6690	54	2.0	1
Entrez:51062	54	2.0	5
Entrez:80224	54	1.0	1
Entrez:7343	54	1.0	2
Entrez:4633	54	1.0	4
Entrez:4358	54	2.0	1
Entrez:9568	54	2.0	1
Entrez:1678	54	1.0	1
Entrez:23334	54	1.0	4
Entrez:8139	54	1.0	1
Entrez:10978	54	1.0	1
Entrez:26999	54	1.0	2
Entrez:4570	54	1.0	1
Entrez:8831	54	1.0	11
Entrez:84627	54	1.0	1
Entrez:28982	54	1.0	1
Entrez:81570	54	1.0	3
Entrez:10382	54	2.0	3
Entrez:5076	53	2.0	1
Entrez:8506	53	2.0	4
Entrez:5071	53	3.0	3
Entrez:7136	53	1.0	1
Entrez:91949	53	1.0	1
Entrez:23247	53	1.0	1
Entrez:168667	53	1.0	1
Entrez:10274	52	1.0	1
Entrez:686	52	1.0	3
Entrez:4125	52	1.0	1
Entrez:8625	52	1.0	1
Entrez:23233	52	1.0	1
Entrez:2639	52	1.0	5
Entrez:64919	52	2.0	2
Entrez:65992	52	1.0	1
Entrez:6910	52	1.0	4
Entrez:7546	51	1.0	2
Entrez:3054	51	1.0	1
Entrez:81603	51		2
Entrez:1200	51	2.0	8
Entrez:81794	51	1.0	1
Entrez:10371	51	1.0	1
Entrez:65055	51	2.0	2
Entrez:710	51	2.0	1
Entrez:9091	51		1
Entrez:202018	50	1.0	1
Entrez:11005	50	1.0	1
Entrez:2911	50	2.0	1
Entrez:4921	50	1.0	2
Entrez:3988	50	1.0	1
Entrez:2690	50	4.0	2
Entrez:2542	50	2.0	1
Entrez:7276	50	2.0	4
Entrez:6710	50	1.0	2
Entrez:1789	49	1.0	1
Entrez:3745	49	1.0	5
Entrez:79587	49	1.0	1
Entrez:3752	49	2.0	2
Entrez:23534	49	1.0	1
Entrez:2583	49	1.0	1
Entrez:5096	49	1.0	1
Entrez:1741	49	1.0	3
Entrez:1106	49	1.0	2
Entrez:6509	48	1.0	1
Entrez:778	48	3.0	3
Entrez:3145	48	1.0	3
Entrez:51601	48	1.0	1
Entrez:6571	48	1.0	2
Entrez:1001	48	2.0	1
Entrez:11107	48	1.0	1
Entrez:1436	48	2.0	3
Entrez:55823	48	1.0	1
Entrez:8086	48	1.0	2
Entrez:1763	47	2.0	1
Entrez:2798	47	1.0	1
Entrez:1535	47	1.0	2
Entrez:57217	47	1.0	2
Entrez:4709	47	1.0	1
Entrez:7021	47	2.0	1
Entrez:1760	47	1.0	1
Entrez:2492	47	2.0	1
Entrez:2318	47	3.0	3
Entrez:84162	47	1.0	2
Entrez:5551	47	3.0	1
Entrez:253738	46	1.0	4
Entrez:10002	46	2.0	2
Entrez:191	46	1.0	1
Entrez:7552	46	1.0	2
Entrez:11152	46	1.0	6
Entrez:65018	46	1.0	1
Entrez:54872	46	1.0	7
Entrez:10320	46	1.0	2
Entrez:727857	46	2.0	1
Entrez:139411	46	1.0	1
Entrez:55863	46	1.0	1
Entrez:11330	46	1.0	1
Entrez:124512	46	1.0	1
Entrez:7140	46	1.0	1
Entrez:54809	46	2.0	1
Entrez:137682	46	1.0	1
Entrez:1778	46	3.0	12
Entrez:54919	46	1.0	1
Entrez:142680	45	1.0	1
Entrez:8558	45	1.0	1
Entrez:51305	45	1.0	2
Entrez:8425	45	1.0	1
Entrez:339829	45	1.0	1
Entrez:11200	45	4.0	30
Entrez:28976	45	1.0	1
Entrez:55033	45	1.0	1
Entrez:55163	45	1.0	1
Entrez:10749	45	1.0	2
Entrez:8942	45	2.0	2
Entrez:54714	45	2.0	6
Entrez:6606	45	4.0	3
Entrez:6697	45	1.0	1
Entrez:51574	45	1.0	1
Entrez:145226	44	1.0	1
Entrez:3192	44	1.0	2
Entrez:6942	44	1.0	12
Entrez:80781	44	1.0	3
Entrez:1806	44	1.0	1
Entrez:6683	44	1.0	30
Entrez:26235	44	1.0	1
Entrez:3674	44	2.0	3
Entrez:4208	44	1.0	4
Entrez:825	44	2.0	16
Entrez:3690	44	2.0	4
Entrez:9581	44	1.0	1
Entrez:38	44	1.0	1
Entrez:388389	43	1.0	1
Entrez:56172	43	2.0	1
Entrez:112939	43	1.0	2
Entrez:1654	43	1.0	15
Entrez:79087	43	1.0	1
Entrez:3423	43	1.0	8
Entrez:3507	43	1.0	1
Entrez:54768	43	1.0	1
Entrez:2782	43	2.0	12
Entrez:10195	43	1.0	1
Entrez:1906	43	2.0	1
Entrez:2902	43	2.0	2
Entrez:23090	42	1.0	1
Entrez:6608	42	2.0	1
Entrez:50846	42	2.0	3
Entrez:1892	42	1.0	2
Entrez:50939	42	2.0	2
Entrez:3508	41	2.0	6
Entrez:5251	41	1.0	1
Entrez:55129	41	1.0	4
Entrez:23512	41		1
Entrez:80347	41	2.0	1
Entrez:411	41	1.0	2
Entrez:2294	41	1.0	1
Entrez:5949	41	2.0	1
Entrez:6866	41	1.0	2
Entrez:56776	41	1.0	1
Entrez:85478	41	1.0	1
Entrez:7915	41	1.0	1
Entrez:56997	40	1.0	3
Entrez:2147	40	4.0	1
Entrez:389856	40	1.0	1
Entrez:91179	40	1.0	1
Entrez:51185	40	1.0	1
Entrez:760	40	1.0	1
Entrez:6901	40	1.0	1
Entrez:3872	40	2.0	1
Entrez:29926	40	1.0	1
Entrez:284217	40	1.0	1
Entrez:23162	39	1.0	1
Entrez:1770	39	1.0	1
Entrez:10716	39	1.0	10
Entrez:51422	39	3.0	1
Entrez:56006	39	1.0	3
Entrez:6531	39	1.0	1
Entrez:1285	39	3.0	3
Entrez:2259	39	1.0	1
Entrez:477	38	2.0	1
Entrez:11011	38	1.0	2
Entrez:8701	38	1.0	1
Entrez:331	38	2.0	1
Entrez:3141	38	1.0	1
Entrez:3315	38	2.0	5
Entrez:51322	38	1.0	4
Entrez:92609	38	1.0	2
Entrez:5158	37	2.0	1
Entrez:9772	37	1.0	1
Entrez:26121	37	1.0	4
Entrez:100506658	37	1.0	2
Entrez:284403	37	1.0	3
Entrez:23203	37	1.0	1
Entrez:6575	37	1.0	2
Entrez:6125	37	1.0	2
Entrez:259266	37	1.0	17
Entrez:6231	37	1.0	1
Entrez:131377	37	1.0	1
Entrez:6777	37	1.0	3
Entrez:92211	37	1.0	3
Entrez:1767	37	1.0	1
Entrez:23474	37	1.0	1
Entrez:6399	36	1.0	1
Entrez:1859	36	1.0	7
Entrez:64087	36	1.0	1
Entrez:55750	36	2.0	1
Entrez:271	36	2.0	1
Entrez:412	36	1.0	3
Entrez:346007	36	1.0	6
Entrez:3868	36	2.0	1
Entrez:7991	36	1.0	1
Entrez:6911	36	1.0	1
Entrez:57498	36	1.0	4
Entrez:3188	36	1.0	1
Entrez:220296	36	3.0	1
Entrez:5256	36	1.0	1
Entrez:9719	36	1.0	1
Entrez:2055	36	2.0	1
Entrez:10907	36	1.0	4
Entrez:1308	35	2.0	1
Entrez:1259	35	2.0	2
Entrez:129880	35	1.0	1
Entrez:9657	35	1.0	2
Entrez:10472	35	1.0	1
Entrez:92579	35	1.0	2
Entrez:84879	35	1.0	1
Entrez:79944	35	1.0	2
Entrez:2625	35	1.0	2
Entrez:6584	35	1.0	1
Entrez:54840	35	1.0	1
Entrez:5340	34	1.0	1
Entrez:6101	34	1.0	5
Entrez:6102	34	1.0	5
Entrez:3190	34	1.0	7
Entrez:6909	34	1.0	1
Entrez:7450	34	3.0	3
Entrez:7275	34	1.0	1
Entrez:23327	34	1.0	1
Entrez:6440	34	2.0	1
Entrez:7274	34	1.0	1
Entrez:23141	34	1.0	1
Entrez:1108	34	1.0	2
Entrez:823	34	1.0	2
Entrez:80204	34	1.0	5
Entrez:3949	34	1.0	4
Entrez:65217	33	3.0	1
Entrez:28514	33		1
Entrez:3560	33	1.0	1
Entrez:79738	33	1.0	3
Entrez:5314	33	1.0	5
Entrez:5145	33	1.0	2
Entrez:5582	33	1.0	2
Entrez:2334	33	1.0	1
Entrez:5873	33	1.0	1
Entrez:3098	33	3.0	1
Entrez:2157	33	1.0	3
Entrez:154881	33	1.0	1
Entrez:55023	33	1.0	14
Entrez:148738	32	1.0	1
Entrez:27130	32	1.0	1
Entrez:166379	32	1.0	2
Entrez:10461	32	1.0	1
Entrez:23568	32	1.0	1
Entrez:10577	32	1.0	2
Entrez:339855	32	1.0	1
Entrez:8493	32	2.0	1
Entrez:2904	32	2.0	10
Entrez:5627	32	2.0	1
Entrez:1457	32	1.0	2
Entrez:49855	32	1.0	3
Entrez:92482	32	1.0	1
Entrez:56052	31	1.0	1
Entrez:4669	31	2.0	4
Entrez:7026	31	1.0	1
Entrez:2159	31	1.0	1
Entrez:375298	31	1.0	3
Entrez:55212	31	1.0	2
Entrez:3786	31	1.0	3
Entrez:3757	31	2.0	5
Entrez:6938	31	1.0	1
Entrez:4607	31	2.0	13
Entrez:84140	31	1.0	1
Entrez:215	31	1.0	12
Entrez:5624	31	2.0	5
Entrez:871	31	2.0	1
Entrez:9128	31	1.0	1
Entrez:163175	31	1.0	1
Entrez:2815	31	1.0	2
Entrez:5995	31	1.0	1
Entrez:2895	30	1.0	1
Entrez:7167	30	1.0	1
Entrez:23135	30	1.0	1
Entrez:8621	30	1.0	5
Entrez:26276	30	1.0	1
Entrez:91137	30	1.0	2
Entrez:123606	30	1.0	2
Entrez:7862	30	1.0	1
Entrez:7156	30	2.0	1
Entrez:55773	30	1.0	1
Entrez:54902	30	1.0	1
Entrez:111	30	1.0	1
Entrez:79912	30	1.0	1
Entrez:4864	30	1.0	5
Entrez:4627	29	2.0	1
Entrez:5538	29	1.0	5
Entrez:5352	29	1.0	1
Entrez:54658	29	3.0	1
Entrez:79628	29	2.0	1
Entrez:23241	29	1.0	1
Entrez:8050	29	1.0	1
Entrez:372	29	1.0	1
Entrez:84231	29	1.0	2
Entrez:2243	29	2.0	3
Entrez:84947	29	1.0	5
Entrez:8893	29	1.0	3
Entrez:8890	29	1.0	1
Entrez:2978	29	1.0	2
Entrez:8892	29	1.0	1
Entrez:5313	28	2.0	1
Entrez:4081	28	1.0	1
Entrez:440	28	1.0	3
Entrez:488	28	2.0	2
Entrez:166785	28	1.0	1
Entrez:5216	28	1.0	1
Entrez:22907	28	1.0	4
Entrez:492	28	1.0	1
Entrez:343641	28	1.0	1
Entrez:9419	28	1.0	1
Entrez:51008	28	2.0	1
Entrez:10049	28	1.0	1
Entrez:149461	28	1.0	1
Entrez:51010	28	1.0	4
Entrez:23133	28	1.0	1
Entrez:10000	28	1.0	1
Entrez:1747	28	2.0	3
Entrez:55325	28	2.0	1
Entrez:79641	28	1.0	1
Entrez:4281	27	1.0	1
Entrez:7010	27	3.0	1
Entrez:2581	27	1.0	5
Entrez:889	27	1.0	2
Entrez:54344	27	1.0	1
Entrez:2538	27	1.0	3
Entrez:5173	27	1.0	1
Entrez:10686	27	1.0	1
Entrez:50801	27	1.0	1
Entrez:3778	27	2.0	2
Entrez:50	27	2.0	1
Entrez:55252	27	1.0	3
Entrez:132	27	1.0	1
Entrez:178	27	1.0	1
Entrez:57038	27	1.0	2
Entrez:6442	27	1.0	4
Entrez:22978	27	1.0	1
Entrez:124454	27	1.0	1
Entrez:668	27	2.0	2
Entrez:1644	26	1.0	2
Entrez:6529	26	1.0	1
Entrez:22926	26	1.0	2
Entrez:54982	26	2.0	3
Entrez:80821	26	1.0	1
Entrez:23221	26	1.0	4
Entrez:4868	26	1.0	1
Entrez:6884	26	1.0	2
Entrez:1181	26	3.0	4
Entrez:501	26	1.0	3
Entrez:8560	26	1.0	1
Entrez:57582	26	2.0	1
Entrez:57505	26	2.0	2
Entrez:3920	26	1.0	2
Entrez:93986	26	1.0	2
Entrez:894	26	1.0	1
Entrez:9289	26	2.0	1
Entrez:326625	26	1.0	1
Entrez:51371	25	2.0	1
Entrez:54916	25	1.0	2
Entrez:5498	25	1.0	3
Entrez:1828	25	2.0	2
Entrez:7137	25	4.0	2
Entrez:861	25	2.0	2
Entrez:7369	25	3.0	1
Entrez:745	25	2.0	1
Entrez:3074	25	1.0	2
Entrez:55755	25	1.0	1
Entrez:5009	25	1.0	1
Entrez:8647	24	2.0	2
Entrez:9152	24	1.0	1
Entrez:5146	24	1.0	1
Entrez:83552	24	2.0	1
Entrez:4654	24		1
Entrez:10021	24	2.0	1
Entrez:7443	24	1.0	2
Entrez:1476	24	1.0	2
Entrez:26090	24	1.0	3
Entrez:6514	24	2.0	1
Entrez:63894	24	1.0	1
Entrez:256471	24	2.0	1
Entrez:167691	24	1.0	1
Entrez:6201	24	1.0	1
Entrez:83605	23	1.0	1
Entrez:4935	23	2.0	2
Entrez:375	23	1.0	1
Entrez:1261	23	1.0	3
Entrez:4942	23	1.0	1
Entrez:9320	23	1.0	6
Entrez:84700	23	1.0	1
Entrez:79648	23	1.0	2
Entrez:84572	23	1.0	1
Entrez:5058	23	1.0	1
Entrez:4948	23	1.0	2
Entrez:1180	23	2.0	7
Entrez:1287	23	1.0	6
Entrez:8777	23	1.0	1
Entrez:3931	23	2.0	2
Entrez:23258	23	1.0	1
Entrez:1641	23	1.0	3
Entrez:5476	23	1.0	1
Entrez:8443	23	1.0	1
Entrez:9427	22	1.0	1
Entrez:2548	22	1.0	1
Entrez:11235	22	1.0	1
Entrez:387733	22	1.0	1
Entrez:6491	22	1.0	1
Entrez:6448	22	1.0	3
Entrez:54938	22	1.0	1
Entrez:4604	22	2.0	2
Entrez:8912	22	1.0	1
Entrez:6709	22	1.0	1
Entrez:8106	22	1.0	3
Entrez:146206	22	1.0	1
Entrez:462	22	1.0	3
Entrez:3097	22	1.0	1
Entrez:25953	22	1.0	1
Entrez:54870	22	1.0	1
Entrez:212	22	2.0	1
Entrez:60495	21	1.0	4
Entrez:21	21	1.0	2
Entrez:6418	21	1.0	1
Entrez:5236	21	1.0	1
Entrez:8910	21	1.0	1
Entrez:90678	21	1.0	2
Entrez:2155	21	1.0	2
Entrez:51761	21	1.0	1
Entrez:7134	21	2.0	1
Entrez:23498	21	1.0	2
Entrez:1286	21	2.0	2
Entrez:64423	21	2.0	1
Entrez:23395	21	2.0	1
Entrez:4653	21	1.0	1
Entrez:5649	21	3.0	1
Entrez:55145	20	1.0	1
Entrez:51520	20	1.0	1
Entrez:26353	20	2.0	1
Entrez:64207	20	1.0	8
Entrez:288	20	1.0	1
Entrez:93589	20	1.0	1
Entrez:2731	20	1.0	1
Entrez:5813	20	1.0	10
Entrez:25821	20	1.0	1
Entrez:7173	20	1.0	1
Entrez:5959	20	1.0	1
Entrez:767	20	1.0	1
Entrez:58508	20	1.0	4
Entrez:818	20	1.0	1
Entrez:10681	20	2.0	1
Entrez:387787	20	1.0	1
Entrez:7139	19	3.0	3
Entrez:83452	19	1.0	1
Entrez:1591	19	1.0	1
Entrez:55714	19	1.0	1
Entrez:7471	19	1.0	1
Entrez:4913	19	1.0	1
Entrez:579	19	1.0	1
Entrez:6262	18	2.0	2
Entrez:54802	18	1.0	2
Entrez:81689	18	1.0	1
Entrez:121512	18	1.0	2
Entrez:53335	18	1.0	3
Entrez:5318	18	1.0	2
Entrez:513	18	1.0	1
Entrez:287	18	1.0	1
Entrez:11093	18	1.0	1
Entrez:4068	18	1.0	1
Entrez:9493	18		1
Entrez:91851	18	2.0	1
Entrez:3704	18	1.0	1
Entrez:3712	18	1.0	1
Entrez:9757	18	1.0	2
Entrez:51091	17	1.0	2
Entrez:57731	17	1.0	1
Entrez:51102	17	1.0	1
Entrez:1956	17	2.0	1
Entrez:2266	17	1.0	3
Entrez:26504	17	1.0	1
Entrez:80331	17	1.0	1
Entrez:23229	17	1.0	1
Entrez:23171	17	1.0	1
Entrez:10370	17	2.0	1
Entrez:4620	17	1.0	2
Entrez:7068	17	3.0	1
Entrez:2244	17	1.0	3
Entrez:11146	17	1.0	2
Entrez:4645	17	1.0	1
Entrez:815	17	2.0	9
Entrez:7846	17	1.0	5
Entrez:79719	16	1.0	2
Entrez:161497	16	3.0	4
Entrez:3973	16	2.0	2
Entrez:5345	16	1.0	1
Entrez:2158	16	3.0	1
Entrez:284439	16	1.0	2
Entrez:5921	16	2.0	1
Entrez:63982	16	1.0	1
Entrez:4308	16	1.0	1
Entrez:3008	16	1.0	1
Entrez:120	16	1.0	1
Entrez:1829	16	2.0	2
Entrez:9254	16	1.0	1
Entrez:23432	16		1
Entrez:6095	16	1.0	1
Entrez:4285	15	1.0	4
Entrez:4160	15	1.0	1
Entrez:29927	15	1.0	1
Entrez:25802	15		1
Entrez:1729	15	2.0	1
Entrez:4131	15		1
Entrez:7168	15	2.0	5
Entrez:3073	15	1.0	13
Entrez:1795	15	1.0	2
Entrez:2539	15	1.0	1
Entrez:85021	15	1.0	1
Entrez:1834	15	4.0	1
Entrez:537	15	1.0	1
Entrez:57010	15	1.0	2
Entrez:4576	15	1.0	1
Entrez:223117	15		1
Entrez:415	15	1.0	1
Entrez:374393	14	1.0	1
Entrez:4781	14	1.0	1
Entrez:57680	14	1.0	8
Entrez:440435	14	1.0	1
Entrez:51294	14	1.0	1
Entrez:4128	14	1.0	1
Entrez:5293	14	1.0	1
Entrez:51117	14	1.0	2
Entrez:254065	13	1.0	2
Entrez:7056	13	2.0	2
Entrez:60506	13	1.0	3
Entrez:55800	13	1.0	2
Entrez:64857	13	1.0	1
Entrez:4634	13	1.0	1
Entrez:90993	13	1.0	1
Entrez:7306	13	1.0	2
Entrez:116519	13	2.0	1
Entrez:1837	13	1.0	1
Entrez:51086	13	1.0	1
Entrez:3689	13	1.0	1
Entrez:1121	13	1.0	6
Entrez:23236	13	1.0	1
Entrez:22983	13	1.0	1
Entrez:1384	12	1.0	2
Entrez:51271	12	1.0	1
Entrez:80311	12	1.0	1
Entrez:282996	12	1.0	1
Entrez:282809	12	1.0	1
Entrez:816	12	1.0	8
Entrez:8456	12	1.0	1
Entrez:5311	12	1.0	3
Entrez:2161	12	2.0	1
Entrez:2160	12	1.0	1
Entrez:3796	12	1.0	1
Entrez:7280	12	1.0	1
Entrez:10916	11	1.0	1
Entrez:2916	11	1.0	1
Entrez:2670	11	1.0	1
Entrez:1690	11	2.0	1
Entrez:6853	11	1.0	1
Entrez:23209	11	1.0	2
Entrez:55605	11	1.0	1
Entrez:580	11	1.0	1
Entrez:4595	11	3.0	2
Entrez:9517	11	1.0	1
Entrez:3617	11	1.0	1
Entrez:9364	11	1.0	1
Entrez:3857	11	1.0	1
Entrez:7701	11	1.0	4
Entrez:93183	11	1.0	1
Entrez:81693	10	1.0	1
Entrez:57176	10	1.0	1
Entrez:2120	10	2.0	1
Entrez:54084	10	2.0	1
Entrez:169522	10	1.0	2
Entrez:343450	10	1.0	1
Entrez:5880	10	1.0	1
Entrez:1284	10	1.0	1
Entrez:90167	9	1.0	1
Entrez:55811	9	1.0	1
Entrez:114902	9	1.0	1
Entrez:270	9	1.0	1
Entrez:6935	9	2.0	1
Entrez:201294	9	1.0	2
Entrez:5310	9	1.0	16
Entrez:23152	9	1.0	2
Entrez:56479	9	1.0	1
Entrez:6096	9	1.0	1
Entrez:6011	9	1.0	1
Entrez:10771	9	1.0	3
Entrez:10117	8	2.0	1
Entrez:9681	8	1.0	1
Entrez:26092	8	1.0	1
Entrez:51111	8	1.0	1
Entrez:168507	8	1.0	2
Entrez:10529	8		1
Entrez:3746	8	1.0	1
Entrez:84071	8	1.0	1
Entrez:374462	7	2.0	1
Entrez:6813	7	1.0	1
Entrez:64805	7	1.0	2
Entrez:5083	7	1.0	2
Entrez:2984	7	2.0	1
Entrez:56155	7	1.0	1
Entrez:338328	7	1.0	1
Entrez:10841	7	1.0	1
Entrez:23189	7	1.0	1
Entrez:5375	7	1.0	1
Entrez:5892	7		1
Entrez:23476	7		1
Entrez:57094	7	2.0	1
Entrez:23554	6	1.0	1
Entrez:80155	6	1.0	4
Entrez:338917	6	2.0	2
Entrez:23040	6	1.0	1
Entrez:87	6	1.0	2
Entrez:2348	5	1.0	1
Entrez:342035	5	1.0	2
Entrez:10235	5	1.0	2
Entrez:220136	5	1.0	1
Entrez:347688	5	1.0	1
Entrez:79853	5	1.0	1
Entrez:54800	5	1.0	2
Entrez:6915	5	1.0	1
Entrez:144406	5	1.0	3
Entrez:57674	5		1
Entrez:10734	5	1.0	3
Entrez:3982	4	1.0	1
Entrez:286676	4	1.0	1
Entrez:23676	4	1.0	1
Entrez:94137	4	1.0	2
Entrez:57609	4	1.0	1
Entrez:525	4	1.0	1
Entrez:5054	4	1.0	1
Entrez:8556	4	1.0	1
Entrez:7482	4	1.0	1
Entrez:9381	4	1.0	2
Entrez:2312	4	1.0	4
Entrez:1761	4		1
Entrez:3053	4	1.0	1
Entrez:2202	4	1.0	2
Entrez:7007	4	2.0	1
Entrez:9622	4	1.0	1
Entrez:22852	3	1.0	1
Entrez:53904	3	1.0	1
Entrez:1495	3	1.0	1
Entrez:2036	3	1.0	1
Entrez:221496	3	1.0	1
Entrez:23438	3	1.0	1
Entrez:81027	3	1.0	2
Entrez:7277	3	1.0	1
Entrez:1288	3	1.0	1
Entrez:51168	2	1.0	2
Entrez:54205	2	1.0	1
Entrez:23288	2	1.0	2
